Id|Name|IsConfidential|City|Country|Street|ZipCode
1|Tad Herrera|0|Zamość|Venezuela|3311 Proin St.|3657
2|Gwendolyn Santana|1|Gaziantep|China|321-4474 Porttitor Street|149493
3|Xerxes Paul|0|Haverfordwest|Romania|358-3578 Maecenas Road|90224
4|Bert Rodriquez|1|Jeonju|Hong Kong|Ap #486-7204 Eleifend Avenue|9896
5|Chastity Sargent|1|Fort Resolution|Lithuania|138-314 Non Avenue|S5R 6J0
6|Nora Chambers|1|Burnaby|Bulgaria|Ap #953-4989 Egestas. Road|03889
7|Yvette Lindsey|0|Raipur|Martinique|452-9915 Ut Avenue|00194
8|Dana Hogan|0|Moulins|Grenada|967-3611 Arcu. Road|8339
9|Guy Knowles|0|Novosibirsk|Slovenia|P.O. Box 683, 1949 Orci. Street|64873
10|Lenore Clayton|1|Queanbeyan|Pakistan|5746 Suspendisse Ave|96687
11|Quinlan Bray|1|Linlithgow|Libya|337-6033 Rutrum St.|58381
12|Thomas William|0|LaSalle|Libya|194-9047 Quisque Avenue|4691
13|Zena Riddle|1|Feilding|Puerto Rico|394-9118 Euismod Rd.|210322
14|Nehru Emerson|0|Sete Lagoas|Western Sahara|482-1419 Dictum Road|12749
15|Nita Terry|0|Dijon|Israel|754-4337 Eu Road|44582-931
16|Martin Yang|0|Paredones|Burkina Faso|Ap #977-5273 Posuere Rd.|34705
17|Maya Beasley|0|Les Bulles|Peru|7627 Donec Rd.|41916-07067
18|Kim Foster|1|Beersel|Guernsey|P.O. Box 558, 7739 Aenean Street|71917
19|Drake Keith|1|Mespelare|New Caledonia|605-2886 Scelerisque Avenue|61748
20|Reuben Haley|0|Sant'Elpidio a Mare|Mauritania|P.O. Box 366, 376 Dui. Ave|9136
21|Geraldine Moon|1|Northumberland|Myanmar|P.O. Box 363, 1927 Enim Avenue|487984
22|Rogan Rosales|1|Helensburgh|Macedonia|Ap #331-7322 Erat Street|50800-41964
23|Kylie Summers|0|Portico e San Benedetto|Aruba|756-7036 Fringilla Avenue|4000
24|Fay Wiggins|0|Rodì Milici|Romania|P.O. Box 928, 5826 Pellentesque, Rd.|I34 8SK
25|Erin Kemp|0|Pedro Aguirre Cerda|Moldova|789-4072 Vitae St.|59909
26|Mariko Wade|1|Srinagar|Papua New Guinea|835-950 Nullam Road|8345
27|Serena Gallagher|1|Castello Tesino|Oman|289-5959 Enim, St.|78957
28|Alan Lott|0|Maranello|Laos|Ap #396-589 Sem Road|Z9157
29|Emi Odonnell|1|Monte San Giovanni in Sabina|Mexico|P.O. Box 775, 3944 Eget Street|143856
30|Devin Middleton|0|Millet|Angola|P.O. Box 729, 8030 Quam Rd.|391650
31|Rajah Wilkerson|0|Teruel|Côte D'Ivoire (Ivory Coast)|Ap #841-594 Quis Street|39-303
32|Cheyenne Chang|0|Avelgem|Wallis and Futuna|515-9794 Erat Av.|21905
33|Christopher Bray|1|Amqui|Norfolk Island|9920 Mi Ave|42510-185
34|Brady Bright|1|Lörrach|Cyprus|P.O. Box 165, 1496 Ante Rd.|61705
35|Wylie Wall|1|Rugby|Russian Federation|619 Eu, Avenue|58833-99465
36|Emery Perkins|1|Thanjavur|Malawi|739-8876 Lorem St.|37762
37|Jada Bernard|1|Tarma|Angola|680 Semper Road|47-498
38|Eugenia Pace|1|Eastbourne|Iran|408-1985 Est, Road|444375
39|Arthur Harding|1|Querétaro|Brunei|P.O. Box 869, 8053 Ac Road|2751
40|Remedios Goodman|1|Orenburg|Iraq|P.O. Box 364, 1031 Enim. Street|067502
41|Cathleen Best|1|Langford|Equatorial Guinea|8279 Magna Rd.|42432
42|Rhona Vinson|0|Schwalbach|Cook Islands|P.O. Box 869, 4792 Pellentesque St.|93-100
43|Lisandra Battle|0|Banff|Australia|Ap #466-3740 Enim, Road|J80 3DU
44|Benedict Oneill|0|Mansfield-et-Pontefract|Poland|2326 Nam Rd.|23224
45|Ursula Buckner|1|Ajax|Ghana|4725 Interdum. Street|63220
46|Drake Kane|0|Morrinsville|Canada|Ap #764-211 Id Av.|79224
47|Gabriel Gray|1|Paradise|Guyana|P.O. Box 203, 712 Congue. Rd.|5795 BE
48|Xaviera Bryan|0|Klin|Honduras|Ap #101-3799 Facilisis Avenue|588555
49|Channing Page|1|Sint-Renelde Saintes|Bermuda|9131 Accumsan Rd.|8741
50|Quail Hensley|1|Fosses-la-Ville|Algeria|197-4096 Adipiscing. Rd.|W2H 5KH
51|Melyssa Holloway|0|Deline|Niger|5106 A, Rd.|492076
52|Anthony Mccoy|1|Samara|Cook Islands|881-5388 Consectetuer Street|F6L 2XA
53|Caryn Rosa|0|Ciudad Real|Bonaire, Sint Eustatius and Saba|847-6030 Dictum. Avenue|20304
54|Wendy Alvarez|1|Recklinghausen|Bahamas|P.O. Box 365, 2943 Augue St.|970636
55|Orli Carrillo|1|Eisenstadt|Pakistan|8147 Magna. St.|7040
56|Doris Weiss|1|Vliermaalroot|Dominican Republic|Ap #640-8585 Nascetur Rd.|09-060
57|Yoshio Hubbard|1|Mobile|Anguilla|189-7595 Odio St.|16031
58|Tyrone Hatfield|1|Johnstone|India|7564 Erat St.|4604 DK
59|Kerry Gray|0|Boston|Haiti|400-1088 Dui. Avenue|CV41 8BR
60|Fay Anderson|1|Osgoode|United Arab Emirates|Ap #355-2809 Elementum Avenue|Z0094
61|Nash Palmer|0|Maryborough|Barbados|Ap #884-9706 Auctor, Avenue|8555
62|Caryn Colon|1|Caccamo|Djibouti|223-8708 Commodo Rd.|3593
63|Yuli Ellis|0|Tanjungbalai|Anguilla|P.O. Box 291, 1496 Ipsum Ave|9480
64|Charde Hancock|1|Cropalati|Croatia|310-2031 Sem Rd.|L4N 1C0
65|Desiree Alvarez|0|Wabamun|Liechtenstein|375-2094 Aenean Ave|524662
66|Barclay Middleton|1|Nedlands|Montenegro|1052 Magna. Rd.|49956
67|Justine Lewis|1|Breton|Romania|Ap #284-9289 Mollis Street|46974
68|Ulysses Phillips|0|Honolulu|Viet Nam|9530 Et St.|17844
69|Kimberley Morales|1|Inverurie|United States Minor Outlying Islands|Ap #188-9019 Ornare Rd.|48930
70|Phelan Pace|1|Antwerpen|Saudi Arabia|Ap #794-7676 Interdum Street|31793-95783
71|Hop Edwards|0|Spormaggiore|Argentina|1436 Nunc St.|14307
72|Kitra Hodge|0|Saint-Quentin|Czech Republic|3099 Aliquet Ave|305861
73|Dalton Riley|1|El Quisco|American Samoa|Ap #317-6653 Vehicula. St.|959015
74|Jael Lane|0|Erdemli|Montserrat|Ap #943-2618 Sit Av.|Z4224
75|Liberty Ballard|1|Juárez|Wallis and Futuna|388-7354 Lacus. Ave|10101
76|Amos Massey|0|Mores|Mayotte|Ap #400-4716 Ornare St.|23831
77|Grant Berg|0|Trani|Panama|P.O. Box 456, 4028 Cursus St.|3961
78|Hilda Tate|1|Chicoutimi|Malta|1456 Pharetra, Rd.|N78 4KU
79|Cooper Hobbs|1|Francofonte|Marshall Islands|1311 Quam Street|558115
80|Cathleen Williamson|1|Fort Saskatchewan|Syria|837-6390 Cursus Rd.|93404
81|Wyoming Beach|1|Mount Isa|Mongolia|P.O. Box 513, 9842 Elit. Rd.|259082
82|Rhiannon Buckner|0|Oudekapelle|Togo|P.O. Box 588, 2394 Cras Av.|S7E 5M4
83|Jordan Ferguson|0|Seraing|Libya|683-6886 Orci St.|73-268
84|Holly Castaneda|0|Laramie|Mali|1608 Magna, Street|502377
85|Hop Gaines|0|Kassel|Macao|Ap #145-2505 Ultrices Rd.|8657
86|TaShya Weber|0|Greymouth|Slovenia|176-9198 A Ave|13499
87|Melissa Cooley|0|Purranque|Reunion|P.O. Box 278, 2415 Magna, Rd.|3598
88|Tobias Gill|1|Anchorage|Malta|Ap #677-1709 Mauris Rd.|OP6 5SJ
89|Hadley Gomez|1|La Salle|Burkina Faso|P.O. Box 661, 3104 Nulla. Street|2188
90|Naomi Berg|0|Campli|Bolivia|Ap #752-2812 Urna. Rd.|13672
91|Wing Manning|1|Mülheim|Saint Pierre and Miquelon|Ap #148-2320 Lacinia Av.|2569
92|Kelly Alvarado|0|Barnstaple|British Indian Ocean Territory|P.O. Box 211, 3703 Non Avenue|60509
93|Fulton Terrell|1|Hamburg|Kiribati|5416 Id, Rd.|R2G 1E4
94|Audrey Dunlap|1|Ludvika|Belgium|9312 Tortor St.|71946-15310
95|Philip Owens|0|Salvador|Laos|7285 Sapien Rd.|431376
96|Elton Owen|0|Ovalle|Nicaragua|P.O. Box 810, 9875 Ligula. Rd.|41375
97|Hilel Mcconnell|0|Sargodha|Madagascar|Ap #887-7609 A Avenue|2744 NG
98|Herman Salas|1|Auburn|Azerbaijan|Ap #817-2996 Enim. Rd.|87779
99|Harrison Lang|0|Los Patios|United Arab Emirates|Ap #510-1184 Maecenas Rd.|653301
100|Ulysses Emerson|0|Rapagnano|Switzerland|Ap #467-3069 Rhoncus. Avenue|12770